{"final_video_seed0_train":{"_type":"video-file","sha256":"88010ceb02db5cc803e5e4181e3ace2ce658de2429468567de8b4a3d47e176bf","size":116331,"path":"media/videos/final_video_seed0_train_99876864_88010ceb02db5cc803e5.mp4","width":160,"height":210},"update_steps":762,"env_step":99876864,"returned_episode":0.0007476806640625,"returned_episode_returns":17.524818420410156,"td_loss":0.001258114818483591,"grad_steps":146304,"final_return_seed0_small_paddle":15,"_timestamp":1.7760813817465687e+09,"final_return_seed0_train":20,"final_video_seed0_small_paddle":{"path":"media/videos/final_video_seed0_small_paddle_99876864_131b79dbd550a5d2c1c0.mp4","width":160,"height":210,"_type":"video-file","sha256":"131b79dbd550a5d2c1c04d0a49bf303efd4625fbfe265b3bdb13df56d897b8dd","size":122783},"_wandb":{"runtime":301},"time":162.67434692382812,"returned_episode_lengths":1979.6865234375,"_runtime":301.40071173,"_step":99876864,"qvals":1.1782186031341553,"env_reward":0.0120697021484375,"env_done":0.0007476806640625}