{"returned_episode":0.00054931640625,"_runtime":7304.518414934,"returned_episode_returns":20.55291748046875,"env_reward":0.01092529296875,"final_return_seed0_small_paddle":12,"env_step":99991552,"_step":99991552,"final_video_seed0_train":{"sha256":"7740be73c0cde5b5835517c3d66bc7f14082b8b3f4f5300d3a3f835190fb8660","size":61695,"path":"media/videos/final_video_seed0_train_99991552_7740be73c0cde5b58355.mp4","width":160,"height":210,"_type":"video-file"},"_timestamp":1.7761059874430935e+09,"td_loss":0.0006676698103547096,"qvals":1.2501507997512817,"final_return_seed0_train":10,"time":158.280517578125,"final_video_seed0_small_paddle":{"path":"media/videos/final_video_seed0_small_paddle_99991552_ceff6db38a77f2e5ae8c.mp4","width":160,"height":210,"_type":"video-file","sha256":"ceff6db38a77f2e5ae8c7f73e3410462ae5f28d9945763441538a2738140eefd","size":61451},"_wandb":{"runtime":7304},"returned_episode_lengths":1666.0029296875,"grad_steps":390592,"update_steps":6103,"env_done":0.00054931640625}