{"final_return_seed0_train":20,"returned_episode_lengths":1966.2161865234375,"final_video_seed0_train":{"path":"media/videos/final_video_seed0_train_99876864_3349bac7b2277b418126.mp4","width":160,"height":210,"_type":"video-file","sha256":"3349bac7b2277b418126a8eca20a8ff3f3d6fbca446acf9ace5caa0761bbfbbb","size":115847},"_runtime":299.556049062,"_timestamp":1.7760820907770076e+09,"grad_steps":146304,"env_step":99876864,"final_return_seed0_small_paddle":19,"time":202.3158721923828,"env_reward":0.0092010498046875,"returned_episode":0.0005035400390625,"_step":99876864,"returned_episode_returns":18.437606811523438,"td_loss":0.0025646518915891647,"_wandb":{"runtime":299},"final_video_seed0_small_paddle":{"height":210,"_type":"video-file","sha256":"68799e1ece56d4e0ddf83c6d5afe34f8e090de47d050b589d9ceb84ea089ac9a","size":104450,"path":"media/videos/final_video_seed0_small_paddle_99876864_68799e1ece56d4e0ddf8.mp4","width":160},"update_steps":762,"env_done":0.0005035400390625,"qvals":1.1480120420455933}