{"env_reward":0.01190185546875,"final_video_seed0_small_paddle":{"_type":"video-file","sha256":"8d92e6814165aeaad70804dfc3836c455131cffe5c855b2fe16d1bb8659df106","size":57858,"path":"media/videos/final_video_seed0_small_paddle_99991552_8d92e6814165aeaad708.mp4","width":160,"height":210},"time":156.73980712890625,"env_step":99991552,"grad_steps":390592,"_runtime":7160.603767938,"returned_episode":0.00042724609375,"_timestamp":1.7760983674406476e+09,"qvals":1.2629859447479248,"returned_episode_lengths":1641.2010498046875,"returned_episode_returns":20.7589111328125,"final_return_seed0_train":13,"env_done":0.00042724609375,"_step":99991552,"final_video_seed0_train":{"size":65129,"path":"media/videos/final_video_seed0_train_99991552_c9c01e5d72aaa6e37ede.mp4","width":160,"height":210,"_type":"video-file","sha256":"c9c01e5d72aaa6e37ede264eeb59ac8256939d9372064f8d84d63a079cfb6df0"},"td_loss":0.00026058833464048803,"_wandb":{"runtime":7160},"final_return_seed0_small_paddle":8,"update_steps":6103}