{"grad_steps":29184,"finetune/k2/score_on_Tk":14,"finetune/k1/score_on_Tk":17,"qvals":1.0328601598739624,"_wandb":{"runtime":508},"returned_episode_returns":17.65302276611328,"base/score_on_T0":19,"td_loss":0.0008375720935873687,"finetune/k1/score_on_T0":16,"_runtime":508,"_step":239922945,"finetune/k1/retention":0.8421052631578947,"returned_episode":0.00058746337890625,"continual_results":{"path":"media/table/continual_results_239922945_58c09646bfca333098ce.table.json","sha256":"58c09646bfca333098ce1abbbe1de8366b8acdf0ca75c292f250f1e42fcb32f4","_latest_artifact_path":"wandb-client-artifact://yc1k6paqxv0b1el8s73att0jxbqoo9a7da001nmuza5e3glyhphisbfvxyjhjw3jd2h6fh4u7jq2i7gfko2gnfi1yjxlco7di1kll8osznl2n0jc8yo8bxtx5u9w6186:latest/continual_results.table.json","_type":"table-file","size":225,"nrows":2,"artifact_path":"wandb-client-artifact://na1i0jxyhevahx5mmwg4056czw0rzr6helm0epwx2tk1in6q1mzs6kd0kvja5aaeddjyk5826hy1k8ud096ql85yt0xgqk7djr8fbpbvsxvoq7hbive3dn8dh8x2c7yc/continual_results.table.json","ncols":6,"log_mode":"IMMUTABLE"},"update_steps":152,"env_reward":0.01200103759765625,"finetune/k2/retention":0.8421052631578947,"returned_episode_lengths":1964.6243896484375,"env_step":19922944,"finetune/k2/score_on_T0":16,"_timestamp":1.7761769363416429e+09,"time":166.34182739257812,"env_done":0.00058746337890625}