{"update_steps":313,"_timestamp":1.7762427591073403e+09,"env_reward":0.00666046142578125,"_step":41025536,"returned_episode":0.00049591064453125,"returned_episode_lengths":2115.203369140625,"env_done":0.00049591064453125,"time":229.00372314453125,"_wandb":{"runtime":79},"grad_steps":60096,"env_step":41025536,"_runtime":79.554471721,"td_loss":0.0037356826942414045,"qvals":1.0156248807907104,"returned_episode_returns":14.525054931640625}