{"env_done":0.00092315673828125,"returned_episode_returns":18.887771606445312,"_runtime":256.383570345,"_timestamp":1.776080789190194e+09,"env_step":99876864,"td_loss":0.0029058537911623716,"returned_episode":0.00092315673828125,"grad_steps":146304,"final_return_seed0_train":19,"qvals":1.1284384727478027,"_wandb":{"runtime":256},"final_video_seed0_train":{"height":210,"_type":"video-file","sha256":"405ed0e6900181dba5d79b39e8fa222eac324206f5cc603834b8c4bed78c386d","size":123701,"path":"media/videos/final_video_seed0_train_99876864_405ed0e6900181dba5d7.mp4","width":160},"update_steps":762,"time":169.81805419921875,"_step":99876864,"returned_episode_lengths":1846.0283203125,"env_reward":0.0094451904296875}