{"_timestamp":1.7760802614557438e+09,"final_return_seed0_small_paddle":16,"final_video_seed0_train":{"_type":"video-file","sha256":"33af3f436d0f09c6787b418fc43e4e875fe549d4d722a2e86a421da87da458b3","size":114769,"path":"media/videos/final_video_seed0_train_99876864_33af3f436d0f09c6787b.mp4","width":160,"height":210},"grad_steps":146304,"returned_episode_lengths":1744.45703125,"td_loss":0.0014893760671839118,"env_reward":0.01134490966796875,"qvals":1.265760898590088,"time":163.84603881835938,"returned_episode":0.0004425048828125,"env_done":0.0004425048828125,"_step":99876864,"env_step":99876864,"final_return_seed0_train":19,"_runtime":294.361186138,"_wandb":{"runtime":294},"update_steps":762,"returned_episode_returns":19.865310668945312,"final_video_seed0_small_paddle":{"sha256":"66a9892cb55e5a79a559c8b7537417d769c307de4fbe4644f16386cbd13bb40d","size":111571,"path":"media/videos/final_video_seed0_small_paddle_99876864_66a9892cb55e5a79a559.mp4","width":160,"height":210,"_type":"video-file"}}