{"base/env_step":49938432,"finetune/k1/score_on_T0":-19.7,"base/returned_episode":0.00046539306640625,"_step":49938434,"finetune/k1/retention":-0.9633251833740831,"_runtime":1333,"base/qvals":1.3275033235549927,"base/time":156.42404174804688,"base/returned_episode_lengths":1687.8349609375,"finetune/k1/score_on_Tk":-18.9,"base/update_steps":381,"base/env_done":0.00046539306640625,"_wandb":{"runtime":1333},"continual_results":{"path":"media/table/continual_results_49938434_8b70f1c51044f4970063.table.json","_latest_artifact_path":"wandb-client-artifact://qzph7m4pdddhe22kwzwl4v9oc2978e4lt38gwvyut6ulntzlvoh5wlaov32gngmr93g0cwiutxp9n9uy7lmgrcutwszf7898udon4oei7gnxvt35h5i7qsc93foy60ka:latest/continual_results.table.json","nrows":1,"_type":"table-file","artifact_path":"wandb-client-artifact://p32bt3qf8ktufw8uwogocrnnuvqjts8uep8gete3qroenzjijqdjfxsc7wwphsuyb25ua7s1w09cnj5f1vdqktirc2peo0wq8z5cj7tsmqpgefk7ozvkm4v3b2asa37i/continual_results.table.json","ncols":6,"log_mode":"IMMUTABLE","sha256":"8b70f1c51044f4970063831a37753225842e1cca3c6ea8f691cbf59c91450a9f","size":172},"base/env_reward":0.0116729736328125,"base/grad_steps":243840,"base/eval_score_T0":20.45,"base/td_loss":0.0008909827447496355,"base/returned_episode_returns":20.307052612304688,"_timestamp":1.7761720574609528e+09}