{"update_steps":1525,"returned_episode_returns":20.114212036132812,"_wandb":{"runtime":909},"_step":199884800,"env_step":199884800,"td_loss":0.000669578555971384,"time":156.55291748046875,"returned_episode":0.00064849853515625,"env_reward":0.01239776611328125,"qvals":1.2473686933517456,"_runtime":909.060691831,"_timestamp":1.776175706387569e+09,"env_done":0.00064849853515625,"returned_episode_lengths":1739.614013671875,"grad_steps":292800}