{"env_done":0.0001220703125,"env_reward":0.0048980712890625,"time":271.44940185546875,"returned_episode_lengths":1675.587158203125,"_timestamp":1.776081725475096e+09,"_step":99876864,"env_step":99876864,"returned_episode_returns":-10.470100402832031,"grad_steps":146304,"td_loss":0.004568419419229031,"returned_episode":0.0001220703125,"final_video_seed0_train":{"_type":"video-file","sha256":"e24855ebd4fa95f38ec0e37f9f332ce74f80a58dfe61fee6b3bbd9845e2e1a9a","size":199864,"path":"media/videos/final_video_seed0_train_99876864_e24855ebd4fa95f38ec0.mp4","width":160,"height":210},"_runtime":256.923153141,"qvals":0.8868717551231384,"update_steps":762,"final_return_seed0_train":11,"_wandb":{"runtime":256}}